id,prediction
1,eGFP
2,CBP
3,CBP
4,KAT5
5,CBP
6,KAT5
7,eGFP
8,CBP
9,CBP
10,eGFP
11,CBP
12,eGFP
13,CBP
14,CBP
15,KAT5
16,CBP
17,eGFP
18,eGFP
19,CBP
20,KAT5
21,KAT5
22,CBP
23,KAT5
24,CBP
25,KAT5
26,CBP
27,eGFP
28,eGFP
29,KAT5
30,eGFP
31,CBP
32,CBP
33,CBP
34,eGFP
35,KAT5
36,CBP
37,CBP
38,CBP
39,KAT5
40,eGFP
41,CBP
42,KAT5
43,CBP
44,CBP
45,eGFP
46,KAT5
47,KAT5
48,KAT5
49,CBP
50,CBP
51,CBP
52,CBP
53,eGFP
54,KAT5
55,CBP
56,CBP
57,KAT5
58,CBP
59,KAT5
60,CBP
61,eGFP
62,eGFP
63,KAT5
64,CBP
65,eGFP
66,CBP
67,CBP
68,CBP
69,CBP
70,CBP
71,KAT5
72,CBP
73,KAT5
74,CBP
75,CBP
76,eGFP
77,CBP
78,eGFP
79,KAT5
80,eGFP
81,eGFP
82,KAT5
83,KAT5
84,eGFP
85,CBP
86,CBP
87,eGFP
88,KAT5
89,CBP
90,KAT5
91,CBP
92,eGFP
93,CBP
94,CBP
95,eGFP
96,CBP
97,KAT5
98,eGFP
99,eGFP
100,CBP
101,eGFP
102,eGFP
103,CBP
104,KAT5
105,eGFP
106,CBP
107,eGFP
108,KAT5
109,KAT5
110,eGFP
111,KAT5
112,eGFP
113,CBP
114,CBP
115,eGFP
116,KAT5
117,CBP
118,eGFP
119,KAT5
120,eGFP
121,KAT5
122,CBP
123,CBP
124,KAT5
125,KAT5
126,KAT5
127,KAT5
128,eGFP
129,KAT5
130,KAT5
131,KAT5
132,CBP
133,eGFP
134,CBP
135,CBP
136,KAT5
137,KAT5
138,CBP
139,CBP
140,KAT5
141,KAT5
142,KAT5
143,CBP
144,KAT5
145,KAT5
146,KAT5
147,KAT5
148,KAT5
149,eGFP
150,KAT5
151,CBP
152,CBP
153,eGFP
154,eGFP
155,eGFP
156,KAT5
157,KAT5
158,CBP
159,CBP
160,CBP
161,KAT5
162,KAT5
163,KAT5
164,CBP
165,KAT5
166,CBP
167,CBP
168,KAT5
169,KAT5
170,eGFP
171,CBP
172,CBP
173,eGFP
174,eGFP
175,CBP
176,eGFP
177,CBP
178,KAT5
179,KAT5
180,eGFP
181,CBP
182,CBP
183,CBP
184,KAT5
185,KAT5
186,KAT5
187,KAT5
188,KAT5
189,eGFP
190,eGFP
191,CBP
192,eGFP
193,eGFP
194,eGFP
195,CBP
196,CBP
197,KAT5
198,KAT5
199,KAT5
200,KAT5
201,KAT5
202,CBP
203,KAT5
204,CBP
205,eGFP
206,KAT5
207,KAT5
208,KAT5
209,CBP
210,eGFP
211,CBP
212,eGFP
213,KAT5
214,KAT5
215,KAT5
216,KAT5
217,eGFP
218,CBP
219,CBP
220,KAT5
221,CBP
222,CBP
223,KAT5
224,eGFP
225,eGFP
226,KAT5
227,CBP
228,eGFP
229,KAT5
230,eGFP
231,KAT5
232,eGFP
233,KAT5
234,KAT5
235,CBP
236,eGFP
237,KAT5
238,KAT5
239,eGFP
240,eGFP
241,CBP
242,KAT5
243,eGFP
244,eGFP
245,eGFP
246,eGFP
247,eGFP
248,KAT5
249,KAT5
250,CBP
251,KAT5
252,CBP
253,CBP
254,CBP
255,KAT5
256,KAT5
257,CBP
258,KAT5
259,KAT5
260,CBP
261,eGFP
262,CBP
263,CBP
264,KAT5
265,CBP
266,CBP
267,KAT5
268,CBP
269,eGFP
270,CBP
271,eGFP
272,KAT5
273,CBP
274,CBP
275,eGFP
276,KAT5
277,KAT5
278,CBP
279,CBP
280,eGFP
281,CBP
282,KAT5
283,eGFP
284,KAT5
285,eGFP
286,KAT5
287,KAT5
288,KAT5
289,eGFP
290,CBP
291,CBP
292,eGFP
293,CBP
294,KAT5
295,eGFP
296,KAT5
297,CBP
298,KAT5
299,CBP
300,KAT5
301,KAT5
302,eGFP
303,KAT5
304,CBP
305,CBP
306,eGFP
307,KAT5
308,eGFP
309,CBP
310,KAT5
311,CBP
312,eGFP
313,CBP
314,CBP
315,CBP
316,eGFP
317,KAT5
318,eGFP
319,eGFP
320,eGFP
321,CBP
322,eGFP
323,CBP
324,CBP
325,KAT5
326,eGFP
327,CBP
328,eGFP
329,CBP
330,KAT5
331,CBP
332,eGFP
333,eGFP
334,CBP
335,KAT5
336,eGFP
337,CBP
338,KAT5
339,CBP
340,KAT5
341,eGFP
342,KAT5
343,eGFP
344,KAT5
345,eGFP
346,KAT5
347,eGFP
348,CBP
349,CBP
350,KAT5
351,CBP
352,CBP
353,CBP
354,eGFP
355,CBP
356,CBP
357,eGFP
358,CBP
359,KAT5
360,CBP
361,KAT5
362,CBP
363,eGFP
364,KAT5
365,CBP
366,KAT5
367,CBP
368,KAT5
369,CBP
370,eGFP
371,KAT5
372,CBP
373,CBP
374,KAT5
375,CBP
376,KAT5
377,KAT5
378,CBP
379,eGFP
380,KAT5
381,KAT5
382,CBP
383,eGFP
384,KAT5
385,KAT5
386,CBP
387,eGFP
388,KAT5
389,eGFP
390,KAT5
391,KAT5
392,CBP
393,CBP
394,CBP
395,CBP
396,KAT5
397,KAT5
398,eGFP
399,CBP
400,eGFP
401,KAT5
402,CBP
403,eGFP
404,CBP
405,eGFP
406,CBP
407,eGFP
408,eGFP
409,CBP
410,eGFP
411,CBP
412,eGFP
413,KAT5
414,KAT5
415,eGFP
416,CBP
417,CBP
418,eGFP
419,CBP
420,eGFP
421,KAT5
422,KAT5
423,CBP
424,KAT5
425,KAT5
426,eGFP
427,eGFP
428,KAT5
429,KAT5
430,CBP
431,CBP
432,eGFP
433,eGFP
434,KAT5
435,CBP
436,CBP
437,CBP
438,CBP
439,CBP
440,KAT5
441,eGFP
442,KAT5
443,CBP
444,KAT5
445,CBP
446,KAT5
447,eGFP
448,CBP
449,CBP
450,eGFP
451,CBP
452,CBP
453,KAT5
454,CBP
455,KAT5
456,eGFP
457,eGFP
458,KAT5
459,CBP
460,eGFP
461,KAT5
462,KAT5
463,CBP
464,eGFP
465,eGFP
466,KAT5
467,KAT5
468,CBP
469,KAT5
470,eGFP
471,eGFP
472,eGFP
473,CBP
474,KAT5
475,KAT5
476,KAT5
477,eGFP
478,KAT5
479,CBP
480,eGFP
481,CBP
482,CBP
483,CBP
484,CBP
485,eGFP
486,CBP
487,KAT5
488,KAT5
489,CBP
490,eGFP
491,KAT5
492,KAT5
493,eGFP
494,eGFP
495,CBP
496,CBP
497,CBP
498,CBP
499,CBP
500,CBP
501,eGFP
502,CBP
503,CBP
504,KAT5
505,KAT5
506,CBP
507,eGFP
508,KAT5
509,CBP
510,CBP
511,CBP
512,CBP
513,KAT5
514,CBP
515,CBP
516,eGFP
517,eGFP
518,CBP
519,CBP
520,KAT5
521,KAT5
522,CBP
523,CBP
524,CBP
525,KAT5
526,KAT5
527,CBP
528,CBP
529,CBP
530,CBP
531,KAT5
532,eGFP
533,KAT5
534,CBP
535,eGFP
536,CBP
537,KAT5
538,KAT5
539,CBP
540,eGFP
541,CBP
542,KAT5
543,eGFP
544,CBP
545,KAT5
546,KAT5
547,CBP
548,KAT5
549,CBP
550,CBP
551,KAT5
552,CBP
553,KAT5
554,KAT5
555,CBP
556,CBP
557,eGFP
558,KAT5
559,KAT5
560,CBP
561,eGFP
562,CBP
563,eGFP
564,KAT5
565,CBP
566,eGFP
567,eGFP
568,CBP
569,CBP
570,KAT5
571,CBP
572,eGFP
573,CBP
574,eGFP
575,CBP
576,CBP
577,KAT5
578,eGFP
579,CBP
580,eGFP
581,CBP
582,KAT5
583,CBP
584,KAT5
585,CBP
586,eGFP
587,eGFP
588,KAT5
589,CBP
590,CBP
591,CBP
592,CBP
593,eGFP
594,CBP
595,eGFP
596,CBP
597,CBP
598,eGFP
599,CBP
600,CBP
601,CBP
602,CBP
603,eGFP
604,eGFP
605,eGFP
606,eGFP
607,eGFP
608,CBP
609,eGFP
610,CBP
611,CBP
612,CBP
613,eGFP
614,CBP
615,eGFP
616,CBP
617,CBP
618,KAT5
619,KAT5
620,KAT5
621,CBP
622,CBP
623,eGFP
624,CBP
625,CBP
626,KAT5
627,CBP
628,CBP
629,CBP
630,CBP
631,CBP
632,KAT5
633,CBP
634,KAT5
635,KAT5
636,eGFP
637,eGFP
638,CBP
639,KAT5
640,KAT5
641,KAT5
642,KAT5
643,CBP
644,KAT5
645,KAT5
646,eGFP
647,KAT5
648,KAT5
649,eGFP
650,KAT5
651,eGFP
652,eGFP
653,eGFP
654,KAT5
655,KAT5
656,CBP
657,KAT5
658,KAT5
659,CBP
660,KAT5
661,CBP
662,CBP
663,KAT5
664,KAT5
665,KAT5
666,eGFP
667,eGFP
668,CBP
669,CBP
670,eGFP
671,KAT5
672,eGFP
673,KAT5
674,KAT5
675,eGFP
676,KAT5
677,CBP
678,CBP
679,KAT5
680,KAT5
681,eGFP
682,eGFP
683,eGFP
684,eGFP
685,CBP
686,CBP
687,eGFP
688,CBP
689,CBP
690,eGFP
691,KAT5
692,eGFP
693,KAT5
694,CBP
695,KAT5
696,KAT5
697,eGFP
698,KAT5
699,eGFP
700,CBP
701,eGFP
702,CBP
703,CBP
704,eGFP
705,eGFP
706,CBP
707,CBP
708,eGFP
709,KAT5
710,CBP
711,eGFP
712,KAT5
713,eGFP
714,CBP
715,KAT5
716,CBP
717,eGFP
718,KAT5
719,KAT5
720,eGFP
721,eGFP
722,CBP
723,CBP
724,CBP
725,eGFP
726,CBP
727,CBP
728,CBP
729,CBP
730,CBP
731,CBP
732,eGFP
733,CBP
734,CBP
735,CBP
736,eGFP
737,KAT5
738,eGFP
739,CBP
740,KAT5
741,eGFP
742,CBP
743,KAT5
744,eGFP
745,eGFP
746,KAT5
747,eGFP
748,KAT5
749,KAT5
750,eGFP
751,eGFP
752,CBP
753,CBP
754,CBP
755,CBP
756,CBP
757,CBP
758,CBP
759,eGFP
760,eGFP
761,CBP
762,CBP
763,CBP
764,CBP
765,KAT5
766,KAT5
767,KAT5
768,CBP
769,eGFP
770,KAT5
771,CBP
772,KAT5
773,CBP
774,CBP
775,KAT5
776,eGFP
777,CBP
778,KAT5
779,eGFP
780,KAT5
781,eGFP
782,eGFP
783,CBP
784,KAT5
785,CBP
786,CBP
787,KAT5
788,CBP
789,eGFP
790,CBP
791,eGFP
792,KAT5
793,eGFP
794,CBP
795,KAT5
796,KAT5
797,CBP
798,KAT5
799,CBP
800,CBP
801,KAT5
802,KAT5
803,CBP
804,CBP
805,CBP
806,CBP
807,CBP
808,CBP
809,eGFP
810,eGFP
811,KAT5
812,CBP
813,eGFP
814,KAT5
815,KAT5
816,eGFP
817,KAT5
818,CBP
819,eGFP
820,eGFP
821,CBP
822,eGFP
823,CBP
824,CBP
825,eGFP
826,KAT5
827,KAT5
828,KAT5
829,CBP
830,KAT5
831,CBP
832,eGFP
833,CBP
834,eGFP
835,KAT5
836,eGFP
837,eGFP
838,KAT5
839,eGFP
840,CBP
841,eGFP
842,KAT5
843,KAT5
844,eGFP
845,CBP
846,CBP
847,eGFP
848,eGFP
849,CBP
850,KAT5
851,CBP
852,eGFP
853,KAT5
854,CBP
855,eGFP
856,CBP
857,eGFP
858,CBP
859,CBP
860,CBP
861,CBP
862,CBP
863,KAT5
864,CBP
865,eGFP
866,KAT5
867,KAT5
868,CBP
869,KAT5
870,KAT5
871,KAT5
872,KAT5
873,KAT5
874,KAT5
875,CBP
876,eGFP
877,KAT5
878,CBP
879,KAT5
880,CBP
881,CBP
882,KAT5
883,eGFP
884,CBP
885,eGFP
886,KAT5
887,eGFP
888,eGFP
889,KAT5
890,CBP
891,CBP
892,CBP
893,eGFP
894,eGFP
895,KAT5
896,eGFP
897,KAT5
898,CBP
899,KAT5
900,eGFP
901,CBP
902,eGFP
903,eGFP
904,KAT5
905,KAT5
906,CBP
907,CBP
908,eGFP
909,KAT5
910,eGFP
911,KAT5
912,eGFP
913,eGFP
914,CBP
915,eGFP
916,CBP
917,CBP
918,eGFP
919,CBP
920,CBP
921,KAT5
922,KAT5
923,KAT5
924,CBP
925,CBP
926,CBP
927,eGFP
928,CBP
929,CBP
930,KAT5
931,CBP
932,eGFP
933,eGFP
934,eGFP
935,CBP
936,eGFP
937,KAT5
938,CBP
939,eGFP
940,CBP
941,eGFP
942,KAT5
943,CBP
944,CBP
945,CBP
946,eGFP
947,CBP
948,KAT5
949,eGFP
950,KAT5
951,CBP
952,CBP
953,KAT5
954,eGFP
955,eGFP
956,KAT5
957,eGFP
958,KAT5
959,CBP
960,eGFP
961,eGFP
962,eGFP
963,CBP
964,CBP
965,KAT5
966,eGFP
967,KAT5
968,KAT5
969,KAT5
970,CBP
971,CBP
972,CBP
973,KAT5
974,eGFP
975,eGFP
976,CBP
977,KAT5
978,CBP
979,eGFP
980,eGFP
981,CBP
982,eGFP
983,CBP
984,CBP
985,KAT5
986,CBP
987,CBP
988,CBP
989,KAT5
990,eGFP
991,CBP
992,eGFP
993,eGFP
994,eGFP
995,CBP
996,eGFP
997,eGFP
998,KAT5
999,CBP
1000,CBP
1001,CBP
1002,eGFP
1003,CBP
1004,CBP
1005,CBP
1006,CBP
1007,CBP
1008,CBP
1009,eGFP
1010,CBP
1011,eGFP
1012,KAT5
1013,KAT5
1014,CBP
1015,KAT5
1016,CBP
1017,CBP
1018,KAT5
1019,CBP
1020,CBP
1021,eGFP
1022,CBP
1023,eGFP
1024,eGFP
1025,CBP
1026,eGFP
1027,KAT5
1028,KAT5
1029,CBP
1030,CBP
1031,KAT5
1032,KAT5
1033,CBP
1034,KAT5
1035,KAT5
1036,eGFP
1037,CBP
1038,eGFP
1039,KAT5
1040,eGFP
1041,eGFP
1042,CBP
1043,CBP
1044,KAT5
1045,KAT5
1046,eGFP
1047,CBP
1048,CBP
1049,KAT5
1050,eGFP
1051,KAT5
1052,CBP
1053,eGFP
1054,eGFP
1055,CBP
1056,eGFP
1057,eGFP
1058,eGFP
1059,KAT5
1060,KAT5
1061,KAT5
1062,KAT5
1063,CBP
1064,eGFP
1065,CBP
1066,CBP
1067,eGFP
1068,CBP
1069,eGFP
1070,KAT5
1071,CBP
1072,CBP
1073,KAT5
1074,KAT5
1075,CBP
1076,CBP
1077,KAT5
1078,eGFP
1079,eGFP
1080,KAT5
1081,eGFP
1082,CBP
1083,CBP
1084,KAT5
1085,KAT5
1086,CBP
1087,CBP
1088,KAT5
1089,KAT5
1090,KAT5
1091,CBP
1092,CBP
1093,KAT5
1094,CBP
1095,CBP
1096,CBP
1097,CBP
1098,CBP
1099,eGFP
1100,CBP
1101,CBP
1102,eGFP
1103,eGFP
1104,CBP
1105,CBP
1106,CBP
1107,CBP
1108,CBP
1109,eGFP
1110,CBP
1111,eGFP
1112,CBP
1113,eGFP
1114,eGFP
1115,eGFP
1116,CBP
1117,eGFP
1118,eGFP
1119,KAT5
1120,eGFP
1121,CBP
1122,KAT5
1123,eGFP
1124,CBP
1125,CBP
1126,CBP
1127,KAT5
1128,CBP
1129,CBP
1130,CBP
1131,KAT5
1132,eGFP
1133,CBP
1134,eGFP
1135,KAT5
1136,KAT5
1137,KAT5
1138,CBP
1139,eGFP
1140,KAT5
1141,KAT5
1142,eGFP
1143,KAT5
1144,CBP
1145,eGFP
1146,KAT5
1147,CBP
1148,CBP
1149,CBP
1150,KAT5
1151,eGFP
1152,KAT5
1153,eGFP
1154,eGFP
1155,CBP
1156,eGFP
1157,KAT5
1158,eGFP
1159,eGFP
1160,CBP
1161,CBP
1162,KAT5
1163,CBP
1164,eGFP
1165,eGFP
1166,KAT5
1167,KAT5
1168,eGFP
1169,CBP
1170,CBP
1171,CBP
1172,eGFP
1173,eGFP
1174,KAT5
1175,CBP
1176,KAT5
1177,KAT5
1178,KAT5
1179,KAT5
1180,CBP
1181,CBP
1182,eGFP
1183,KAT5
1184,eGFP
1185,eGFP
1186,CBP
1187,CBP
1188,KAT5
1189,eGFP
1190,eGFP
1191,eGFP
1192,CBP
1193,KAT5
1194,CBP
1195,CBP
1196,CBP
1197,KAT5
1198,KAT5
1199,CBP
1200,CBP
1201,eGFP
1202,CBP
1203,eGFP
1204,CBP
1205,KAT5
1206,eGFP
1207,CBP
1208,KAT5
1209,CBP
1210,eGFP
1211,eGFP
1212,CBP
1213,KAT5
1214,eGFP
1215,eGFP
1216,eGFP
1217,CBP
1218,KAT5
1219,KAT5
1220,eGFP
1221,KAT5
1222,CBP
1223,KAT5
1224,eGFP
1225,KAT5
1226,CBP
1227,CBP
1228,eGFP
1229,CBP
1230,CBP
1231,eGFP
1232,KAT5
1233,CBP
1234,CBP
1235,eGFP
1236,KAT5
1237,CBP
1238,CBP
1239,eGFP
1240,eGFP
1241,KAT5
1242,CBP
1243,eGFP
1244,eGFP
1245,KAT5
1246,KAT5
1247,KAT5
1248,CBP
1249,eGFP
1250,KAT5
1251,KAT5
1252,CBP
1253,KAT5
1254,eGFP
1255,eGFP
1256,eGFP
1257,eGFP
1258,eGFP
1259,CBP
1260,KAT5
1261,eGFP
1262,CBP
1263,eGFP
1264,eGFP
1265,CBP
1266,eGFP
1267,CBP
1268,KAT5
1269,KAT5
1270,CBP
1271,CBP
1272,KAT5
1273,KAT5
1274,CBP
1275,KAT5
1276,eGFP
1277,eGFP
1278,CBP
1279,CBP
1280,eGFP
1281,KAT5
1282,CBP
1283,CBP
1284,eGFP
1285,KAT5
1286,KAT5
1287,CBP
1288,KAT5
1289,eGFP
1290,CBP
1291,eGFP
1292,KAT5
1293,CBP
1294,KAT5
1295,eGFP
1296,CBP
1297,eGFP
1298,eGFP
1299,eGFP
1300,KAT5
1301,eGFP
1302,CBP
1303,eGFP
1304,eGFP
1305,CBP
1306,eGFP
1307,eGFP
1308,CBP
1309,KAT5
1310,CBP
1311,eGFP
1312,eGFP
1313,CBP
1314,KAT5
1315,KAT5
1316,KAT5
1317,eGFP
1318,CBP
1319,CBP
1320,CBP
1321,KAT5
1322,KAT5
1323,KAT5
1324,CBP
1325,KAT5
1326,CBP
1327,KAT5
1328,KAT5
1329,CBP
1330,KAT5
1331,KAT5
1332,CBP
1333,eGFP
1334,KAT5
1335,eGFP
1336,eGFP
1337,KAT5
1338,CBP
1339,KAT5
1340,CBP
1341,eGFP
1342,CBP
1343,eGFP
1344,eGFP
1345,CBP
1346,eGFP
1347,eGFP
1348,eGFP
1349,KAT5
1350,KAT5
1351,eGFP
1352,CBP
1353,CBP
1354,eGFP
1355,eGFP
1356,CBP
1357,CBP
1358,eGFP
1359,eGFP
1360,CBP
1361,CBP
1362,KAT5
1363,CBP
1364,CBP
1365,CBP
1366,CBP
1367,KAT5
1368,CBP
1369,CBP
1370,CBP
1371,CBP
1372,eGFP
1373,eGFP
1374,eGFP
1375,CBP
1376,CBP
1377,CBP
1378,eGFP
1379,CBP
1380,CBP
1381,KAT5
1382,eGFP
1383,CBP
1384,eGFP
1385,CBP
1386,CBP
1387,eGFP
1388,KAT5
1389,eGFP
1390,CBP
1391,KAT5
1392,CBP
1393,CBP
1394,CBP
1395,eGFP
1396,CBP
1397,eGFP
1398,KAT5
1399,eGFP
1400,KAT5
1401,CBP
1402,CBP
1403,eGFP
1404,CBP
1405,eGFP
1406,eGFP
1407,eGFP
1408,CBP
1409,CBP
1410,KAT5
1411,CBP
1412,CBP
1413,eGFP
1414,eGFP
1415,CBP
1416,KAT5
1417,eGFP
1418,eGFP
1419,KAT5
1420,KAT5
1421,CBP
1422,KAT5
1423,CBP
1424,KAT5
1425,CBP
1426,eGFP
1427,eGFP
1428,CBP
1429,CBP
1430,KAT5
1431,KAT5
1432,KAT5
1433,KAT5
1434,CBP
1435,eGFP
1436,KAT5
1437,CBP
1438,eGFP
1439,KAT5
1440,eGFP
1441,eGFP
1442,eGFP
1443,eGFP
1444,eGFP
1445,CBP
1446,KAT5
1447,KAT5
1448,CBP
1449,CBP
1450,KAT5
1451,KAT5
1452,eGFP
1453,KAT5
1454,KAT5
1455,KAT5
1456,KAT5
1457,KAT5
1458,eGFP
1459,KAT5
1460,eGFP
1461,KAT5
1462,KAT5
1463,CBP
1464,eGFP
1465,KAT5
1466,KAT5
1467,KAT5
1468,eGFP
1469,CBP
1470,eGFP
1471,CBP
1472,KAT5
1473,KAT5
1474,CBP
1475,CBP
1476,CBP
1477,CBP
1478,KAT5
1479,CBP
1480,CBP
1481,CBP
1482,CBP
1483,KAT5
1484,KAT5
1485,CBP
1486,CBP
1487,CBP
1488,CBP
1489,KAT5
1490,CBP
1491,CBP
1492,CBP
1493,KAT5
1494,KAT5
1495,KAT5
1496,CBP
1497,eGFP
1498,KAT5
1499,eGFP
1500,eGFP
1501,eGFP
1502,CBP
1503,CBP
1504,eGFP
1505,KAT5
1506,eGFP
1507,KAT5
1508,CBP
1509,CBP
1510,KAT5
1511,eGFP
1512,KAT5
1513,eGFP
1514,CBP
1515,eGFP
1516,eGFP
1517,eGFP
1518,KAT5
1519,CBP
1520,eGFP
1521,CBP
1522,eGFP
1523,CBP
1524,eGFP
1525,eGFP
1526,CBP
1527,CBP
1528,KAT5
1529,CBP
1530,CBP
1531,CBP
1532,CBP
1533,CBP
1534,CBP
1535,eGFP
1536,eGFP
1537,CBP
1538,KAT5
1539,eGFP
1540,eGFP
1541,eGFP
1542,eGFP
1543,eGFP
1544,eGFP
1545,KAT5
1546,eGFP
1547,CBP
1548,CBP
1549,CBP
1550,KAT5
1551,KAT5
1552,KAT5
1553,eGFP
1554,CBP
1555,KAT5
1556,KAT5
1557,eGFP
1558,CBP
1559,KAT5
1560,KAT5
1561,eGFP
1562,KAT5
1563,eGFP
1564,eGFP
1565,KAT5
1566,KAT5
1567,CBP
1568,eGFP
1569,CBP
1570,eGFP
1571,eGFP
1572,CBP
1573,KAT5
1574,KAT5
1575,KAT5
1576,eGFP
1577,eGFP
1578,eGFP
1579,KAT5
1580,eGFP
1581,KAT5
1582,CBP
1583,CBP
1584,eGFP
1585,CBP
1586,KAT5
1587,KAT5
1588,eGFP
1589,CBP
1590,CBP
1591,eGFP
1592,eGFP
1593,eGFP
1594,eGFP
1595,KAT5
1596,CBP
1597,KAT5
1598,KAT5
1599,KAT5
1600,KAT5
1601,CBP
1602,KAT5
1603,CBP
1604,CBP
1605,KAT5
1606,eGFP
1607,CBP
1608,KAT5
1609,CBP
1610,KAT5
1611,KAT5
1612,KAT5
1613,CBP
1614,CBP
1615,CBP
1616,KAT5
1617,CBP
1618,eGFP
1619,CBP
1620,KAT5
1621,eGFP
1622,CBP
1623,CBP
1624,CBP
1625,eGFP
1626,eGFP
1627,eGFP
1628,CBP
1629,CBP
1630,eGFP
1631,CBP
1632,eGFP
1633,CBP
1634,eGFP
1635,eGFP
1636,KAT5
1637,eGFP
1638,CBP
1639,eGFP
1640,KAT5
1641,KAT5
1642,CBP
1643,CBP
1644,KAT5
1645,eGFP
1646,CBP
1647,CBP
1648,KAT5
1649,CBP
1650,CBP
1651,CBP
1652,eGFP
1653,eGFP
1654,CBP
1655,eGFP
1656,KAT5
1657,CBP
1658,CBP
1659,eGFP
1660,KAT5
1661,CBP
1662,CBP
1663,CBP
1664,eGFP
1665,KAT5
1666,KAT5
1667,eGFP
1668,KAT5
1669,KAT5
1670,CBP
1671,KAT5
1672,KAT5
1673,eGFP
1674,CBP
1675,KAT5
1676,eGFP
1677,CBP
1678,CBP
1679,eGFP
1680,CBP
1681,KAT5
1682,CBP
1683,CBP
1684,KAT5
1685,KAT5
1686,CBP
1687,eGFP
1688,CBP
1689,CBP
1690,eGFP
1691,eGFP
1692,eGFP
1693,KAT5
1694,CBP
1695,eGFP
1696,CBP
1697,eGFP
1698,eGFP
1699,eGFP
1700,eGFP
1701,KAT5
1702,CBP
1703,CBP
1704,KAT5
1705,eGFP
1706,CBP
1707,CBP
1708,CBP
1709,CBP
1710,eGFP
1711,eGFP
1712,CBP
1713,eGFP
1714,eGFP
1715,KAT5
1716,eGFP
1717,CBP
1718,eGFP
1719,eGFP
1720,KAT5
1721,eGFP
1722,eGFP
1723,CBP
1724,KAT5
1725,eGFP
1726,KAT5
1727,KAT5
1728,CBP
1729,KAT5
1730,eGFP
1731,KAT5
1732,CBP
1733,CBP
1734,CBP
1735,CBP
1736,eGFP
1737,KAT5
1738,eGFP
1739,CBP
1740,KAT5
1741,eGFP
1742,CBP
1743,KAT5
1744,KAT5
1745,KAT5
1746,CBP
1747,CBP
1748,KAT5
1749,eGFP
1750,CBP
1751,KAT5
1752,CBP
1753,eGFP
1754,CBP
1755,eGFP
1756,KAT5
1757,KAT5
1758,CBP
1759,eGFP
1760,CBP
1761,eGFP
1762,CBP
1763,eGFP
1764,eGFP
1765,CBP
1766,CBP
1767,KAT5
1768,CBP
1769,KAT5
1770,CBP
1771,KAT5
1772,KAT5
1773,eGFP
1774,KAT5
1775,eGFP
1776,CBP
1777,eGFP
1778,CBP
1779,eGFP
1780,eGFP
1781,eGFP
1782,KAT5
1783,CBP
1784,eGFP
1785,eGFP
1786,KAT5
1787,KAT5
1788,eGFP
1789,eGFP
1790,CBP
1791,eGFP
1792,CBP
1793,KAT5
1794,eGFP
1795,KAT5
1796,KAT5
1797,CBP
1798,eGFP
1799,CBP
1800,KAT5
1801,KAT5
1802,CBP
1803,CBP
1804,eGFP
1805,eGFP
1806,CBP
1807,CBP
1808,eGFP
1809,CBP
1810,CBP
1811,CBP
1812,KAT5
1813,eGFP
1814,CBP
1815,eGFP
1816,KAT5
1817,KAT5
1818,CBP
1819,KAT5
1820,CBP
1821,KAT5
1822,eGFP
1823,eGFP
1824,eGFP
1825,KAT5
1826,eGFP
1827,eGFP
1828,CBP
1829,CBP
1830,CBP
1831,eGFP
1832,eGFP
1833,KAT5
1834,CBP
1835,CBP
1836,CBP
1837,KAT5
1838,CBP
1839,CBP
1840,CBP
1841,KAT5
1842,eGFP
1843,CBP
1844,eGFP
1845,eGFP
1846,eGFP
1847,CBP
1848,KAT5
1849,CBP
1850,eGFP
1851,eGFP
1852,eGFP
1853,KAT5
1854,eGFP
1855,KAT5
1856,KAT5
1857,KAT5
1858,eGFP
1859,KAT5
1860,CBP
1861,CBP
1862,CBP
1863,CBP
1864,eGFP
1865,CBP
1866,KAT5
1867,eGFP
1868,eGFP
1869,CBP
1870,eGFP
1871,KAT5
1872,KAT5
1873,KAT5
1874,KAT5
1875,CBP
1876,CBP
1877,eGFP
1878,eGFP
1879,CBP
1880,KAT5
1881,CBP
1882,CBP
1883,KAT5
1884,eGFP
1885,KAT5
1886,CBP
1887,CBP
1888,KAT5
1889,eGFP
1890,CBP
1891,KAT5
1892,KAT5
1893,eGFP
1894,KAT5
1895,CBP
1896,CBP
1897,eGFP
1898,eGFP
1899,CBP
1900,CBP
1901,CBP
1902,eGFP
1903,KAT5
1904,CBP
1905,eGFP
1906,KAT5
1907,CBP
1908,CBP
1909,CBP
1910,KAT5
1911,KAT5
1912,KAT5
1913,eGFP
1914,eGFP
1915,KAT5
1916,CBP
1917,KAT5
1918,eGFP
1919,eGFP
1920,CBP
1921,CBP
1922,KAT5
1923,eGFP
1924,eGFP
1925,KAT5
1926,KAT5
1927,eGFP
1928,CBP
1929,CBP
1930,eGFP
1931,KAT5
1932,KAT5
1933,CBP
1934,CBP
1935,CBP
1936,CBP
1937,CBP
1938,KAT5
1939,CBP
1940,KAT5
1941,CBP
1942,CBP
1943,KAT5
1944,eGFP
1945,KAT5
1946,eGFP
1947,KAT5
1948,eGFP
1949,eGFP
1950,KAT5
1951,eGFP
1952,KAT5
1953,KAT5
1954,KAT5
1955,eGFP
1956,KAT5
1957,eGFP
1958,KAT5
1959,KAT5
1960,KAT5
1961,CBP
1962,CBP
1963,eGFP
1964,KAT5
1965,KAT5
1966,CBP
1967,KAT5
1968,eGFP
1969,CBP
1970,eGFP
1971,KAT5
1972,CBP
1973,KAT5
1974,KAT5
1975,KAT5
1976,eGFP
1977,KAT5
1978,KAT5
1979,KAT5
1980,eGFP
1981,KAT5
1982,eGFP
1983,CBP
1984,eGFP
1985,KAT5
1986,KAT5
1987,KAT5
1988,eGFP
1989,CBP
1990,eGFP
1991,KAT5
1992,CBP
1993,KAT5
1994,CBP
1995,KAT5
1996,CBP
1997,KAT5
1998,eGFP
1999,KAT5
2000,eGFP
2001,KAT5
2002,eGFP
2003,eGFP
2004,eGFP
2005,CBP
2006,KAT5
2007,eGFP
2008,KAT5
2009,eGFP
2010,CBP
2011,eGFP
2012,eGFP
2013,eGFP
2014,CBP
2015,CBP
2016,eGFP
2017,CBP
2018,KAT5
2019,eGFP
2020,KAT5
2021,eGFP
2022,KAT5
2023,KAT5
2024,CBP
2025,eGFP
2026,eGFP
2027,eGFP
2028,KAT5
2029,eGFP
2030,KAT5
2031,CBP
2032,KAT5
2033,CBP
2034,eGFP
2035,CBP
2036,eGFP
2037,CBP
2038,KAT5
2039,eGFP
2040,KAT5
2041,KAT5
2042,CBP
2043,CBP
2044,KAT5
2045,CBP
2046,eGFP
2047,CBP
2048,CBP
2049,CBP
2050,KAT5
2051,KAT5
2052,CBP
2053,KAT5
2054,KAT5
2055,CBP
2056,CBP
2057,CBP
2058,CBP
2059,CBP
2060,eGFP
2061,eGFP
2062,eGFP
2063,KAT5
2064,KAT5
2065,eGFP
2066,eGFP
2067,eGFP
2068,CBP
2069,KAT5
2070,KAT5
2071,eGFP
2072,CBP
2073,KAT5
2074,KAT5
2075,CBP
2076,eGFP
2077,KAT5
2078,CBP
2079,CBP
2080,eGFP
2081,eGFP
2082,CBP
2083,KAT5
2084,CBP
2085,CBP
2086,CBP
2087,CBP
2088,CBP
2089,KAT5
2090,CBP
2091,eGFP
2092,eGFP
2093,eGFP
2094,CBP
2095,KAT5
2096,eGFP
2097,eGFP
2098,CBP
2099,KAT5
2100,eGFP
2101,CBP
2102,CBP
2103,CBP
2104,KAT5
2105,CBP
2106,eGFP
2107,eGFP
2108,eGFP
2109,CBP
2110,CBP
2111,CBP
2112,CBP
2113,eGFP
2114,KAT5
2115,KAT5
2116,CBP
2117,KAT5
2118,eGFP
2119,CBP
2120,KAT5
2121,KAT5
2122,CBP
2123,KAT5
2124,eGFP
2125,CBP
2126,KAT5
2127,CBP
2128,CBP
2129,eGFP
2130,KAT5
2131,CBP
2132,CBP
2133,eGFP
2134,CBP
2135,eGFP
2136,KAT5
2137,eGFP
2138,CBP
2139,eGFP
2140,CBP
2141,KAT5
2142,eGFP
2143,eGFP
2144,CBP
2145,eGFP
2146,KAT5
2147,eGFP
2148,eGFP
2149,eGFP
2150,eGFP
2151,eGFP
2152,eGFP
2153,CBP
2154,KAT5
2155,eGFP
2156,CBP
2157,KAT5
2158,eGFP
2159,eGFP
2160,CBP
2161,CBP
2162,KAT5
2163,KAT5
2164,eGFP
2165,KAT5
2166,CBP
2167,CBP
2168,KAT5
2169,CBP
2170,CBP
2171,CBP
2172,KAT5
2173,eGFP
2174,CBP
2175,KAT5
2176,CBP
2177,CBP
2178,KAT5
2179,CBP
2180,KAT5
2181,eGFP
2182,KAT5
2183,CBP
2184,eGFP
2185,KAT5
2186,KAT5
2187,CBP
2188,CBP
2189,KAT5
2190,KAT5
2191,eGFP
2192,eGFP
2193,KAT5
2194,eGFP
2195,KAT5
2196,eGFP
2197,eGFP
2198,eGFP
2199,CBP
2200,eGFP
2201,eGFP
2202,eGFP
2203,CBP
2204,KAT5
2205,eGFP
2206,KAT5
2207,eGFP
2208,KAT5
2209,eGFP
2210,CBP
2211,CBP
2212,eGFP
2213,CBP
2214,CBP
2215,CBP
2216,eGFP
2217,KAT5
2218,eGFP
2219,CBP
2220,eGFP
2221,CBP
2222,KAT5
2223,eGFP
2224,eGFP
2225,CBP
2226,eGFP
2227,eGFP
2228,eGFP
2229,KAT5
2230,eGFP
2231,KAT5
2232,CBP
2233,CBP
2234,CBP
2235,CBP
2236,CBP
2237,CBP
2238,CBP
2239,eGFP
2240,KAT5
2241,CBP
2242,eGFP
2243,CBP
2244,CBP
2245,CBP
2246,CBP
2247,eGFP
2248,CBP
2249,CBP
2250,CBP
2251,eGFP
2252,CBP
2253,eGFP
2254,KAT5
2255,eGFP
2256,KAT5
2257,KAT5
2258,eGFP
2259,eGFP
2260,CBP
2261,CBP
2262,eGFP
2263,CBP
2264,KAT5
2265,eGFP
2266,eGFP
2267,eGFP
2268,KAT5
2269,eGFP
2270,eGFP
2271,KAT5
2272,eGFP
2273,KAT5
2274,eGFP
2275,eGFP
2276,KAT5
2277,KAT5
2278,CBP
2279,eGFP
2280,KAT5
2281,eGFP
2282,eGFP
2283,KAT5
2284,eGFP
2285,CBP
2286,eGFP
2287,KAT5
2288,eGFP
2289,KAT5
2290,KAT5
2291,CBP
2292,CBP
2293,KAT5
2294,eGFP
2295,KAT5
2296,KAT5
2297,KAT5
2298,KAT5
2299,eGFP
2300,KAT5
2301,CBP
2302,CBP
2303,eGFP
2304,KAT5
2305,eGFP
2306,eGFP
2307,CBP
2308,CBP
2309,CBP
2310,CBP
2311,KAT5
2312,eGFP
2313,eGFP
2314,KAT5
2315,CBP
2316,CBP
2317,eGFP
2318,CBP
2319,eGFP
2320,eGFP
2321,CBP
2322,KAT5
2323,eGFP
2324,eGFP
2325,eGFP
2326,CBP
2327,CBP
2328,eGFP
2329,CBP
2330,CBP
2331,CBP
2332,KAT5
2333,CBP
2334,eGFP
2335,eGFP
2336,CBP
2337,eGFP
2338,CBP
2339,CBP
2340,eGFP
2341,eGFP
2342,KAT5
2343,CBP
2344,eGFP
2345,KAT5
2346,CBP
2347,CBP
2348,KAT5
2349,CBP
2350,eGFP
2351,eGFP
2352,CBP
2353,KAT5
2354,eGFP
2355,CBP
2356,KAT5
2357,KAT5
2358,CBP
2359,CBP
2360,CBP
2361,eGFP
2362,eGFP
2363,KAT5
2364,eGFP
2365,CBP
2366,KAT5
2367,CBP
2368,KAT5
2369,CBP
2370,eGFP
2371,CBP
2372,KAT5
2373,eGFP
2374,KAT5
2375,CBP
2376,eGFP
2377,CBP
2378,eGFP
2379,eGFP
2380,CBP
2381,KAT5
2382,eGFP
2383,CBP
2384,eGFP
2385,KAT5
2386,CBP
2387,eGFP
2388,CBP
2389,eGFP
2390,eGFP
2391,eGFP
2392,CBP
2393,KAT5
2394,eGFP
2395,KAT5
2396,eGFP
2397,eGFP
2398,CBP
2399,KAT5
2400,eGFP
2401,CBP
2402,eGFP
2403,CBP
2404,CBP
2405,eGFP
2406,KAT5
2407,eGFP
2408,CBP
2409,eGFP
2410,eGFP
2411,eGFP
2412,KAT5
2413,CBP
2414,CBP
2415,KAT5
2416,KAT5
2417,CBP
2418,KAT5
2419,eGFP
2420,KAT5
2421,eGFP
2422,eGFP
2423,CBP
2424,CBP
2425,KAT5
2426,eGFP
2427,CBP
2428,eGFP
2429,CBP
2430,eGFP
2431,CBP
2432,eGFP
2433,KAT5
2434,KAT5
2435,eGFP
2436,KAT5
2437,CBP
2438,CBP
2439,CBP
2440,eGFP
2441,eGFP
2442,eGFP
2443,eGFP
2444,KAT5
2445,CBP
2446,CBP
2447,eGFP
2448,CBP
2449,KAT5
2450,eGFP
2451,eGFP
2452,CBP
2453,CBP
2454,eGFP
2455,KAT5
2456,CBP
2457,eGFP
2458,KAT5
2459,CBP
2460,KAT5
2461,CBP
2462,KAT5
2463,eGFP
2464,eGFP
2465,CBP
2466,CBP
2467,CBP
2468,eGFP
2469,KAT5
2470,KAT5
2471,CBP
2472,eGFP
2473,CBP
2474,CBP
2475,CBP
2476,eGFP
2477,CBP
2478,KAT5
2479,CBP
2480,KAT5
2481,eGFP
2482,CBP
2483,eGFP
2484,eGFP
2485,CBP
2486,CBP
2487,eGFP
2488,CBP
2489,CBP
2490,eGFP
2491,eGFP
2492,CBP
2493,CBP
2494,CBP
2495,KAT5
2496,CBP
2497,CBP
2498,eGFP
2499,CBP
2500,KAT5
2501,eGFP
2502,KAT5
2503,CBP
2504,CBP
2505,KAT5
2506,KAT5
2507,KAT5
2508,eGFP
2509,KAT5
2510,eGFP
2511,CBP
2512,eGFP
2513,CBP
2514,eGFP
2515,CBP
2516,CBP
2517,KAT5
2518,CBP
2519,KAT5
2520,KAT5
2521,CBP
2522,KAT5
2523,KAT5
2524,eGFP
2525,eGFP
2526,KAT5
2527,CBP
2528,KAT5
2529,CBP
2530,eGFP
2531,KAT5
2532,CBP
2533,KAT5
2534,CBP
2535,eGFP
2536,eGFP
2537,KAT5
2538,CBP
2539,eGFP
2540,KAT5
2541,KAT5
2542,CBP
2543,eGFP
2544,eGFP
2545,CBP
2546,eGFP
2547,CBP
2548,eGFP
2549,eGFP
2550,CBP
2551,KAT5
2552,CBP
2553,CBP
2554,eGFP
2555,KAT5
2556,KAT5
2557,CBP
2558,KAT5
2559,KAT5
2560,KAT5
2561,CBP
2562,CBP
2563,eGFP
2564,KAT5
2565,eGFP
2566,KAT5
2567,KAT5
2568,eGFP
2569,CBP
2570,CBP
2571,KAT5
2572,KAT5
2573,KAT5
2574,CBP
2575,eGFP
2576,eGFP
2577,eGFP
2578,KAT5
2579,eGFP
2580,eGFP
2581,CBP
2582,KAT5
2583,CBP
2584,CBP
2585,eGFP
2586,KAT5
2587,CBP
2588,CBP
2589,CBP
2590,CBP
2591,eGFP
2592,eGFP
2593,KAT5
2594,eGFP
2595,CBP
2596,CBP
2597,KAT5
2598,KAT5
2599,KAT5
2600,CBP
2601,KAT5
2602,eGFP
2603,KAT5
2604,CBP
2605,CBP
2606,KAT5
2607,CBP
2608,KAT5
2609,eGFP
2610,KAT5
2611,KAT5
2612,eGFP
2613,CBP
2614,eGFP
2615,eGFP
2616,eGFP
2617,eGFP
2618,eGFP
2619,eGFP
2620,KAT5
2621,CBP
2622,eGFP
2623,KAT5
2624,CBP
2625,eGFP
2626,eGFP
2627,eGFP
2628,KAT5
2629,eGFP
2630,KAT5
2631,CBP
2632,KAT5
2633,CBP
2634,eGFP
2635,CBP
2636,eGFP
2637,eGFP
2638,KAT5
2639,eGFP
2640,KAT5
2641,CBP
2642,eGFP
2643,KAT5
2644,CBP
2645,KAT5
2646,CBP
2647,KAT5
2648,KAT5
2649,CBP
2650,eGFP
2651,CBP
2652,CBP
2653,eGFP
2654,eGFP
2655,CBP
2656,eGFP
2657,KAT5
2658,eGFP
2659,KAT5
2660,CBP
2661,eGFP
2662,CBP
2663,KAT5
2664,CBP
2665,eGFP
2666,eGFP
2667,KAT5
2668,eGFP
2669,KAT5
2670,KAT5
2671,CBP
2672,KAT5
2673,CBP
2674,CBP
2675,KAT5
2676,KAT5
2677,CBP
2678,CBP
2679,KAT5
2680,eGFP
2681,CBP
2682,eGFP
2683,eGFP
2684,CBP
2685,KAT5
2686,KAT5
2687,KAT5
2688,eGFP
2689,eGFP
2690,CBP
2691,CBP
2692,CBP
2693,CBP
2694,KAT5
2695,KAT5
2696,eGFP
2697,eGFP
2698,KAT5
2699,CBP
2700,eGFP
2701,CBP
2702,eGFP
2703,CBP
2704,KAT5
2705,KAT5
2706,CBP
2707,CBP
2708,eGFP
2709,eGFP
2710,KAT5
2711,KAT5
2712,CBP
2713,CBP
2714,CBP
2715,KAT5
2716,CBP
2717,eGFP
2718,eGFP
2719,KAT5
2720,KAT5
2721,KAT5
2722,KAT5
2723,eGFP
2724,CBP
2725,CBP
2726,KAT5
2727,CBP
2728,eGFP
2729,KAT5
2730,CBP
2731,CBP
2732,KAT5
2733,CBP
2734,CBP
2735,KAT5
2736,KAT5
2737,KAT5
2738,CBP
2739,CBP
2740,CBP
2741,eGFP
2742,KAT5
2743,eGFP
2744,eGFP
2745,KAT5
2746,eGFP
2747,CBP
2748,KAT5
2749,KAT5
2750,CBP
2751,eGFP
2752,KAT5
2753,eGFP
2754,KAT5
2755,eGFP
2756,CBP
2757,KAT5
2758,KAT5
2759,CBP
2760,KAT5
2761,eGFP
2762,CBP
2763,KAT5
2764,CBP
2765,KAT5
2766,CBP
2767,CBP
2768,eGFP
2769,eGFP
2770,eGFP
2771,CBP
2772,eGFP
2773,KAT5
2774,CBP
2775,CBP
2776,KAT5
2777,KAT5
2778,CBP
2779,KAT5
2780,CBP
2781,eGFP
2782,CBP
2783,CBP
2784,eGFP
2785,eGFP
2786,CBP
2787,KAT5
2788,eGFP
2789,CBP
2790,CBP
2791,eGFP
2792,eGFP
2793,KAT5
2794,CBP
2795,eGFP
2796,eGFP
2797,CBP
2798,KAT5
2799,KAT5
2800,CBP
2801,CBP
2802,CBP
2803,eGFP
2804,CBP
2805,eGFP
2806,KAT5
2807,CBP
2808,KAT5
2809,eGFP
2810,CBP
2811,CBP
2812,CBP
2813,CBP
2814,KAT5
2815,CBP
2816,KAT5
2817,CBP
2818,KAT5
2819,CBP
2820,CBP
2821,eGFP
2822,eGFP
2823,KAT5
2824,CBP
2825,CBP
2826,eGFP
2827,CBP
2828,CBP
2829,CBP
2830,eGFP
2831,eGFP
2832,eGFP
2833,eGFP
2834,eGFP
2835,CBP
2836,KAT5
2837,eGFP
2838,KAT5
2839,CBP
2840,CBP
2841,eGFP
2842,CBP
2843,CBP
2844,KAT5
2845,CBP
2846,eGFP
2847,KAT5
2848,KAT5
2849,KAT5
2850,CBP
2851,CBP
2852,KAT5
2853,KAT5
2854,eGFP
2855,KAT5
2856,CBP
2857,eGFP
2858,eGFP
2859,CBP
2860,eGFP
2861,KAT5
2862,eGFP
2863,KAT5
2864,eGFP
2865,CBP
2866,KAT5
2867,eGFP
2868,eGFP
2869,CBP
2870,eGFP
2871,eGFP
2872,CBP
2873,eGFP
2874,eGFP
2875,eGFP
2876,eGFP
2877,eGFP
2878,eGFP
2879,CBP
2880,CBP
2881,eGFP
2882,CBP
2883,CBP
2884,CBP
2885,eGFP
2886,CBP
2887,eGFP
2888,KAT5
2889,eGFP
2890,KAT5
2891,KAT5
2892,KAT5
2893,KAT5
2894,CBP
2895,eGFP
2896,CBP
2897,eGFP
2898,eGFP
2899,CBP
2900,KAT5
2901,KAT5
2902,CBP
2903,CBP
2904,eGFP
2905,CBP
2906,eGFP
2907,KAT5
2908,KAT5
2909,CBP
2910,KAT5
2911,KAT5
2912,KAT5
2913,eGFP
2914,KAT5
2915,CBP
2916,CBP
2917,CBP
2918,eGFP
2919,eGFP
2920,CBP
2921,KAT5
2922,KAT5
2923,CBP
2924,KAT5
2925,KAT5
2926,eGFP
2927,KAT5
2928,eGFP
2929,KAT5
2930,CBP
2931,KAT5
2932,eGFP
2933,CBP
2934,eGFP
2935,CBP
2936,KAT5
2937,KAT5
2938,CBP
2939,CBP
2940,eGFP
2941,KAT5
2942,eGFP
2943,eGFP
2944,eGFP
2945,CBP
2946,eGFP
2947,eGFP
2948,CBP
2949,eGFP
2950,eGFP
2951,CBP
2952,CBP
2953,eGFP
2954,eGFP
2955,KAT5
2956,CBP
2957,KAT5
2958,eGFP
2959,eGFP
2960,CBP
2961,eGFP
2962,CBP
2963,eGFP
2964,CBP
2965,KAT5
2966,eGFP
2967,eGFP
2968,CBP
2969,KAT5
2970,KAT5
2971,eGFP
2972,KAT5
2973,KAT5
2974,CBP
2975,KAT5
2976,KAT5
2977,KAT5
2978,eGFP
2979,CBP
2980,eGFP
2981,CBP
2982,KAT5
2983,CBP
2984,CBP
2985,CBP
2986,eGFP
2987,CBP
2988,CBP
2989,CBP
2990,CBP
2991,eGFP
2992,CBP
2993,KAT5
2994,eGFP
2995,KAT5
2996,KAT5
2997,KAT5
2998,KAT5
2999,eGFP
3000,CBP
3001,CBP
3002,CBP
3003,CBP
3004,CBP
3005,eGFP
3006,CBP
3007,eGFP
3008,CBP
3009,CBP
3010,CBP
3011,CBP
3012,eGFP
3013,CBP
3014,eGFP
3015,CBP
3016,KAT5
3017,CBP
3018,CBP
3019,CBP
3020,CBP
3021,CBP
3022,CBP
3023,CBP
3024,CBP
3025,eGFP
3026,eGFP
3027,CBP
3028,eGFP
3029,CBP
3030,eGFP
3031,CBP
3032,KAT5
3033,eGFP
3034,eGFP
3035,KAT5
3036,eGFP
3037,KAT5
3038,CBP
3039,CBP
3040,KAT5
3041,eGFP
3042,eGFP
3043,eGFP
3044,CBP
3045,KAT5
3046,CBP
3047,KAT5
3048,CBP
3049,eGFP
3050,KAT5
3051,CBP
3052,CBP
3053,eGFP
3054,CBP
3055,eGFP
3056,CBP
3057,CBP
3058,CBP
3059,eGFP
3060,KAT5
3061,eGFP
3062,eGFP
3063,KAT5
3064,eGFP
3065,KAT5
3066,KAT5
3067,CBP
3068,KAT5
3069,CBP
3070,eGFP
3071,CBP
3072,eGFP
3073,KAT5
3074,KAT5
3075,KAT5
3076,CBP
3077,CBP
3078,CBP
3079,CBP
3080,CBP
3081,CBP
3082,KAT5
3083,eGFP
3084,eGFP
3085,CBP
3086,CBP
3087,CBP
3088,eGFP
3089,CBP
3090,CBP
3091,CBP
3092,KAT5
3093,CBP
